﻿<?xml version="1.0" encoding="UTF-8" standalone="yes"?>
<addon id="plugin.video.dope"                                                                                                                                    
	   name="ITS DOPE"                      
	   version="0.5"                                                                                                                                        
	   provider-name="WD">
	   <requires>
    <import addon="script.module.resolveurl" version="5.0.00"/>
    <import addon="xbmc.python" version="2.1.0"/>
	<import addon="script.module.requests"/>
	<import addon="script.module.nanscrapers"/>

	
  </requires>
  <extension point="xbmc.python.pluginsource"
            library="default.py">
        <provides>video</provides>
  </extension>
  <extension point="xbmc.service" library="service.py" start="login"></extension> 
  <extension point="xbmc.addon.metadata">
    <summary lang="en">DOPE STUFF</summary>
    <description lang="en">YT</description>
    <platform>all</platform>

  </extension>
</addon>